<?xml version="1.0" encoding="UTF-8"?>
<project-private xmlns="http://www.netbeans.org/ns/project-private/1">
    <editor-bookmarks xmlns="http://www.netbeans.org/ns/editor-bookmarks/2" lastBookmarkId="0"/>
    <open-files xmlns="http://www.netbeans.org/ns/projectui-open-files/2">
        <group>
            <file>file:/D:/ESD-Assignment-master/src/java/dao/PrescriptionDao.java</file>
            <file>file:/D:/ESD-Assignment-master/web/viewer/doctor/UpdatePrescription.jsp</file>
            <file>file:/D:/ESD-Assignment-master/src/java/model/pojo/Operation.java</file>
            <file>file:/D:/ESD-Assignment-master/src/java/controller/doctor/UpdatePrescription.java</file>
        </group>
    </open-files>
</project-private>
